#{"t_start": 1626100784.5870004, "env_id": "RoboSkateSegmentation-v0"}
r,l,t
-56.256192,1000,69.846636
-90.071999,1000,128.331877
-41.075688,1000,216.925204
-23.250508,1000,273.913054
-17.515135,227,287.10673
-1.832624,1000,344.85446
-4.034541,1000,403.398762
-27.532449,1000,462.827704
-90.86873,1000,522.02931
-3.545212,1000,581.141732
-33.463463,713,623.078183
325.858199,1000,1007.222168
204.369564,1000,1085.849113
88.253518,1000,1164.617763
-35.782133,423,1196.998044
36.824147,1000,1274.906364
111.307821,248,1294.960813
34.35527,122,1305.077699
93.488518,1000,1382.151334
47.792227,1000,1460.315035
133.968315,1000,1538.326994
155.795432,291,1560.855521
-32.067207,1000,1640.384525
0.958233,1000,2019.845112
81.016036,1000,2097.479501
13.717163,210,2113.685384
-116.060645,551,2156.904976
86.200989,1000,2234.44229
11.978069,1000,2310.717443
164.778229,244,2330.460199
90.527833,1000,2408.47053
-68.517693,291,2431.109087
81.387467,1000,2510.020233
233.068252,1000,2587.580399
33.8087,114,2597.527809
50.2397,641,2647.336761
99.768875,1000,2725.321039
35.860034,1000,3071.827206
-16.958623,1000,3150.788535
113.527472,1000,3230.08914
50.150057,206,3246.420595
94.105491,1000,3324.337034
152.29766,1000,3401.854592
56.579125,1000,3480.010484
27.667882,1000,3557.235153
79.638859,398,3588.9233
139.47418,1000,3665.987087
6.382952,1000,3744.366422
-35.517707,568,3789.579623
38.326662,72,3795.523776
-117.245216,514,3836.418369
178.789055,1000,4181.166237
62.394434,527,4222.370152
124.476187,952,4298.593778
-95.711025,1000,4376.042348
-43.60216,90,4384.359754
130.659115,1000,4461.274544
-9.077442,299,4485.572285
-78.935472,96,4492.95613
46.394348,190,4508.355782
117.163523,705,4564.455063
123.69581,337,4592.020566
145.372719,780,4653.397047
71.391705,1000,4731.378571
94.304171,1000,4808.389915
60.885899,165,4822.071103
53.575018,1000,4898.910015
91.74602,1000,5131.976732
55.685643,175,5146.298238
67.108039,548,5189.052676
18.553054,433,5223.241047
118.910305,1000,5303.1706
127.051326,1000,5380.802803
135.390335,794,5444.674717
124.426728,1000,5523.533695
67.478837,1000,5601.359059
18.095532,697,5655.494912
77.243545,1000,5733.264169
102.501271,1000,5812.02989
117.082911,1000,6196.787873
18.766667,438,6231.699119
87.139126,1000,6309.541909
40.642081,1000,6388.244554
122.39144,1000,6465.915194
-4.527649,265,6488.918576
77.49864,1000,6566.436249
98.993996,1000,6644.803985
53.285885,843,6711.916924
37.05186,955,6787.947532
-54.599288,1000,6865.867817
82.168212,1000,7181.121336
45.831055,324,7206.868276
76.712395,166,7220.728392
-5.648981,1000,7299.270975
54.599003,105,7308.274969
32.6077,295,7332.230273
85.761736,1000,7409.079583
115.193822,1000,7487.551553
71.983681,200,7503.659657
102.700191,1000,7581.993302
117.867976,1000,7658.924042
34.671936,217,7676.857537
90.133145,1000,7753.903919
-41.729611,1000,7832.083787
37.200054,1000,7911.295012
128.916194,535,7953.448174
10.315147,369,8290.406382
6.597513,1000,8368.105175
147.254973,1000,8445.963645
112.884361,1000,8525.313891
60.144545,1000,8603.503112
-30.559946,86,8611.639229
138.3982,1000,8689.65719
-41.915303,363,8718.672945
-33.912341,173,8732.927646
52.596467,1000,8809.889305
29.223693,1000,8887.892647
-24.090526,252,8908.4481
26.285768,1000,8986.163761
50.764241,665,9039.266916
96.063455,1000,9419.73593
82.55277,793,9482.584234
68.958835,1000,9559.656969
-38.186415,317,9585.443612
68.194907,791,9647.629135
88.691774,1000,9724.36765
162.81437,1000,9803.134042
145.932994,1000,9882.411291
178.240111,1000,9960.921533
89.172883,1000,10039.46817
117.883841,640,10089.456571
76.823255,210,10106.379255
170.29171,1000,10459.079752
92.364574,1000,10537.513325
80.186794,1000,10617.14661
80.875983,1000,10694.921322
34.785577,1000,10771.230515
139.805113,1000,10848.900831
157.836287,984,10925.765172
146.653433,1000,11004.746091
77.971623,1000,11082.364492
134.661411,220,11100.626335
143.606321,1000,11179.6087
15.965024,870,11509.458359
-1.393708,1000,11587.831687
2.235549,767,11647.485175
90.66666,728,11704.393874
143.418499,1000,11783.70751
37.299042,429,11817.055796
15.732874,143,11829.465181
77.673751,1000,11906.540722
96.830124,271,11928.699128
101.649248,1000,12006.45137
119.136879,769,12067.408282
126.730292,877,12137.076396
111.63835,401,12168.70722
-24.652793,715,12224.346848
151.649658,1000,12593.408981
38.176584,224,12610.879797
217.613842,962,12686.197704
106.39969,1000,12764.187436
136.543365,1000,12842.313086
97.389982,1000,12919.136703
156.412519,1000,12997.94768
8.228624,768,13058.476336
96.948937,1000,13137.642265
-4.018886,1000,13215.3335
157.12724,1000,13293.967113
83.741542,1000,13605.854584
165.414892,1000,13684.49493
147.688517,343,13711.236692
122.417747,1000,13789.793274
138.34038,336,13816.276845
79.315025,1000,13894.408869
47.639145,764,13953.627178
129.658518,1000,14032.307406
41.313484,368,14060.200617
88.538994,1000,14138.214235
128.654146,1000,14217.087257
110.610854,1000,14294.857103
42.059579,1000,14587.391432
-30.937623,1000,14665.694541
131.02657,333,14693.022172
122.006493,564,14736.151404
89.86937,1000,14814.697327
178.667794,1000,14894.194089
90.253043,1000,14971.331796
152.429132,1000,15049.97046
122.343954,1000,15129.168226
71.778025,1000,15205.8147
58.900262,1000,15284.752193
259.177275,1000,15639.221572
226.236115,1000,15719.818296
107.117724,1000,15798.650987
-23.629582,1000,15875.689542
57.085126,1000,15955.334131
154.108842,1000,16033.949528
80.147348,1000,16111.613254
19.187876,1000,16189.902027
161.529363,1000,16268.119211
143.894123,430,16302.560917
74.979391,1000,16381.415365
60.462031,1000,16766.218307
176.454481,1000,16844.748401
124.381778,1000,16923.464444
27.891608,139,16934.572189
93.967558,1000,17012.85212
90.962137,1000,17091.170171
141.599226,209,17107.783365
63.944034,1000,17186.472023
147.185644,1000,17266.225714
30.595208,1000,17343.725723
126.769079,1000,17422.244618
167.284473,1000,17807.679263
181.57935,1000,17886.929425
140.653495,561,17931.528142
96.588891,1000,18009.284023
120.421809,1000,18088.451334
117.672128,1000,18167.54899
160.847052,694,18223.553221
71.952092,309,18247.865847
105.513496,225,18266.42419
24.511537,53,18271.317542
183.788127,1000,18348.993261
104.486711,1000,18427.888025
78.932036,1000,18506.329399
113.504027,280,18528.712377
72.395334,1000,18914.07594
73.136483,184,18927.964604
149.034847,1000,19006.655971
47.299204,351,19034.824531
147.345148,478,19072.084827
81.322498,1000,19152.266613
113.165697,208,19169.294622
126.404266,1000,19248.251936
155.416574,1000,19327.09013
139.91481,1000,19405.514707
60.24691,563,19449.823419
133.746812,1000,19527.528461
140.048862,1000,19606.076356
-10.0172,473,19643.138578
158.921943,624,19958.058291
21.510812,450,19993.488666
124.63246,314,20018.215033
-64.690995,480,20055.828912
83.765956,1000,20135.416755
80.473021,1000,20213.797125
95.659614,387,20245.35728
69.159423,719,20301.807428
209.96795,1000,20380.678575
78.901041,1000,20458.539377
68.19067,1000,20536.768795
141.440635,956,20612.131582
176.11556,1000,20690.502193
123.991434,798,20959.089258
141.016004,300,20983.309984
174.79053,1000,21061.041656
147.067762,1000,21139.577819
115.988934,1000,21217.062521
-8.768939,294,21241.121611
224.551593,545,21284.695939
135.67581,975,21361.290567
112.700697,418,21393.82129
186.126507,1000,21472.135707
157.083236,311,21497.094661
51.714655,1000,21575.141564
144.403123,1000,21656.309766
151.741798,660,21708.430911
128.695537,1000,22094.34561
150.959456,1000,22173.229905
220.737087,680,22226.392201
140.892681,1000,22305.012145
47.550572,1000,22382.96895
164.937551,1000,22462.02276
44.96818,291,22485.462305
136.82297,362,22513.618093
139.42614,1000,22592.518534
188.508865,1000,22671.686088
120.521923,1000,22749.484097
116.119802,1000,23136.031407
145.306959,443,23170.85736
101.302504,1000,23248.335616
165.450538,1000,23328.14731
166.122769,477,23365.480814
134.38422,754,23424.949841
268.040343,1000,23504.132534
249.246092,1000,23581.663245
162.49183,1000,23660.304857
134.796038,1000,23738.873091
106.754859,531,23780.451447
123.249453,1000,23859.362819
104.590061,903,24197.33526
57.044121,745,24254.376579
135.304317,1000,24333.166676
146.860567,1000,24411.979306
258.617447,408,24444.586893
137.673906,1000,24523.943612
104.498395,1000,24602.07141
220.157661,590,24648.473576
175.069219,397,24680.839824
136.636713,1000,24758.935881
170.163332,1000,24837.330357
188.309268,503,24877.346087
176.144235,1000,24955.11893
71.08774,393,25249.017659
160.584892,1000,25326.042214
218.427568,1000,25404.537707
109.138694,657,25455.689165
161.128073,1000,25534.747948
89.421117,716,25590.860121
200.079679,1000,25669.991963
124.683742,1000,25748.598359
155.487097,1000,25827.37436
95.978839,1000,25904.99371
144.644921,1000,25983.401353
107.195655,1000,26370.184931
318.153563,1000,26448.237769
131.75209,1000,26527.926797
139.771169,1000,26606.995449
140.881025,1000,26685.079916
142.541821,1000,26763.8822
144.485573,1000,26842.589674
176.136906,1000,26921.013412
160.261591,1000,26999.908265
131.226528,1000,27077.861798
107.236032,1000,27464.533784
126.27429,1000,27542.974576
106.916346,1000,27622.009815
124.471037,1000,27701.1077
129.473513,1000,27777.893122
160.468571,1000,27856.496115
114.607199,278,27878.431983
168.804981,1000,27957.138842
262.287853,1000,28034.805224
151.146556,1000,28113.805252
148.513409,1000,28192.509917
149.911939,1000,28532.65646
89.736683,1000,28611.862579
147.725884,1000,28690.596288
162.512025,1000,28768.474798
184.896293,1000,28847.396661
78.780878,792,28908.56227
233.783498,1000,28986.947095
7.24194,1000,29064.947292
160.910658,1000,29142.229464
150.672977,1000,29221.946806
130.543946,1000,29576.551598
109.05545,1000,29654.914177
87.542115,439,29689.523521
120.025901,1000,29768.969136
102.173863,1000,29848.393415
66.27758,440,29883.133579
129.247866,1000,29961.932777
127.179144,290,29984.306571
148.616243,1000,30063.755827
155.561614,1000,30140.758368
73.031341,1000,30219.844443
169.536488,1000,30298.396028
60.778862,1000,30681.989663
255.727571,1000,30760.664785
126.95119,1000,30839.867248
171.290119,1000,30917.724037
139.910153,320,30943.086203
-47.978833,1000,31022.523909
84.355292,176,31037.017325
119.638284,1000,31114.301431
-43.518263,213,31132.49791
112.401759,380,31162.549315
6.825686,1000,31241.728986
89.700518,604,31290.983316
1.940629,1000,31368.347433
95.768464,1000,31716.094311
-23.989245,372,31746.487248
81.043543,297,31769.284626
27.974645,1000,31847.664856
125.205544,1000,31926.233204
84.450911,1000,32003.204453
156.386354,546,32046.794971
100.63999,192,32062.831875
87.42562,291,32085.584989
-18.917024,475,32123.957056
-38.592919,1000,32201.783797
138.885309,1000,32280.225585
138.955083,1000,32359.362509
128.571467,579,32404.584687
166.702672,1000,32764.341855
230.609035,1000,32842.806818
90.998174,1000,32921.214527
140.660815,1000,32999.34594
132.749504,1000,33077.153905
162.453872,1000,33155.787081
242.051049,1000,33234.955971
158.177857,821,33299.314993
126.56264,1000,33377.148926
152.73376,1000,33457.505291
133.540625,1000,33797.192525
146.800475,1000,33874.678964
122.388316,1000,33953.653961
100.47926,1000,34032.166685
201.917472,1000,34111.147101
158.693724,1000,34190.627495
144.150571,1000,34268.077566
-7.396516,1000,34347.745611
136.599233,1000,34426.35755
163.051961,1000,34503.970685
135.163235,1000,34889.29517
114.328253,1000,34967.545001
113.828502,1000,35045.333766
300.781558,1000,35124.534238
123.802262,381,35155.656386
141.131486,1000,35232.15076
46.670487,1000,35311.711738
32.560005,188,35326.930673
134.222056,1000,35405.4435
132.223864,1000,35483.559139
129.948933,1000,35562.909656
20.846259,343,35589.588809
23.128962,1000,35976.117117
138.08292,1000,36054.10413
203.620107,1000,36133.299536
165.84626,1000,36211.561783
166.226418,1000,36289.689683
292.617118,1000,36367.881111
78.334602,1000,36446.821331
210.630948,1000,36524.457693
172.069708,1000,36602.687719
142.428057,1000,36680.944622
55.11128,1000,36983.755409
259.096152,1000,37062.902346
185.722102,886,37132.243951
117.886372,225,37151.857332
239.673124,1000,37232.109602
251.28351,1000,37309.973276
244.643771,329,37336.675545
226.574123,1000,37416.686504
167.40763,1000,37495.463404
252.698248,1000,37572.755814
173.432082,1000,37650.859019
228.481813,992,37728.124302
135.381453,1000,38113.442674
117.381144,1000,38192.299202
262.550546,1000,38269.857672
214.046583,783,38332.635579
68.271881,1000,38409.819047
22.857927,223,38428.192931
136.256303,414,38461.616862
153.316965,317,38486.706138
230.100152,1000,38565.373226
305.244906,1000,38643.343879
121.191762,349,38671.570127
165.609316,1000,38749.414851
210.491131,1000,38828.144277
229.708119,1000,39215.955238
166.572752,1000,39293.593756
132.966433,1000,39372.19813
66.842702,1000,39449.347763
319.23209,1000,39528.438786
118.254491,510,39568.696705
261.253948,1000,39647.26777
146.539968,1000,39724.546301
126.501181,219,39742.579278
254.990685,1000,39820.519357
212.651112,1000,39899.259109
246.994761,1000,40112.528898
256.623854,1000,40190.233249
216.690525,1000,40270.507142
131.332453,321,40296.169067
259.200599,1000,40375.173032
153.258777,1000,40453.766829
131.760558,262,40474.355774
224.367116,1000,40553.700552
256.448791,1000,40631.029712
140.706553,1000,40709.062727
204.103948,756,40768.915705
304.823785,1000,40847.953208
141.276565,576,41096.426323
294.885464,1000,41174.014133
249.482204,1000,41252.744906
252.5619,1000,41330.498782
108.95789,1000,41409.432317
291.553901,1000,41488.388966
243.358339,1000,41565.593769
132.396242,518,41606.827053
-29.211097,600,41655.017091
150.549072,422,41688.277977
231.275737,1000,41767.63058
177.983051,1000,41845.507067
151.074608,1000,42181.191151
245.808039,1000,42259.902944
190.504752,1000,42338.049196
233.891499,1000,42417.954114
275.293808,1000,42495.907401
129.402435,225,42513.647887
158.578915,1000,42592.447532
210.241583,1000,42671.433606
44.717033,1000,42749.001878
103.616544,1000,42828.238549
19.031503,1000,43169.507597
282.561156,1000,43248.163603
220.099104,1000,43326.877887
159.606473,1000,43404.000325
49.393495,1000,43482.824261
60.615879,1000,43562.592792
105.83078,1000,43639.615076
137.871856,1000,43717.31009
118.957489,1000,43795.534884
163.02277,1000,43874.758927
0.335889,1000,44182.045179
69.869948,1000,44259.512147
157.536641,429,44293.866126
84.578835,1000,44372.967767
74.302839,1000,44449.082694
82.351122,669,44502.023159
116.668036,1000,44580.516423
61.471722,328,44607.128592
142.066428,1000,44686.120153
86.18193,1000,44765.747065
43.934699,1000,44843.055511
145.915594,208,44861.017582
90.146596,1000,44938.492578
109.161827,1000,45325.416025
166.566305,1000,45403.666159
118.134375,1000,45482.650227
333.098532,1000,45561.988849
-33.326444,797,45624.339273
154.740505,1000,45704.074845
269.034714,1000,45783.239516
56.049677,1000,45862.011253
124.385199,219,45879.162356
39.874246,1000,45957.806049
141.133923,1000,46036.899106
131.939354,1000,46346.313026
269.54482,1000,46425.064031
115.243615,1000,46503.622293
290.05017,520,46544.762005
121.069331,1000,46622.977803
97.635275,397,46654.45582
93.318868,415,46688.142975
286.552317,1000,46767.124171
225.6662,1000,46844.518119
-31.176739,1000,46921.755127
278.037861,1000,46999.770669
2.239944,1000,47366.250343
105.18664,1000,47445.086496
165.5649,1000,47522.776886
203.235227,359,47552.083551
243.932283,1000,47630.980555
6.784472,1000,47709.463438
190.51542,1000,47788.448484
235.945485,1000,47866.303584
248.961864,1000,47944.778989
260.85915,1000,48023.173862
89.555398,233,48041.089317
128.160466,1000,48119.522933
123.108828,622,48430.673092
143.28384,305,48454.26738
208.932719,483,48492.974135
111.897138,1000,48571.966352
47.855831,1000,48649.31508
145.290484,532,48692.537812
97.287248,158,48705.146727
274.133251,1000,48784.325557
96.92732,381,48815.023762
105.388531,851,48881.44522
96.62227,1000,48961.205857
272.753101,1000,49038.955854
159.919369,212,49055.648307
113.716396,1000,49134.816993
91.474963,1000,49476.836751
209.667853,830,49543.008589
288.723832,1000,49620.623871
254.709961,1000,49699.524385
232.834016,1000,49777.764356
125.3269,1000,49855.478638
200.263829,1000,49934.775091
119.062279,436,49970.094871
311.436932,1000,50047.463014
123.379791,1000,50126.558102
157.248807,256,50146.995239
139.48785,1000,50226.460393
85.603498,1000,50610.175241
262.739198,1000,50689.277102
227.845779,1000,50766.520199
268.38797,1000,50846.18928
114.742632,1000,50925.328909
125.329035,1000,51003.51288
42.340385,1000,51082.904681
178.904174,383,51113.412884
19.166269,910,51185.255378
136.923706,230,51204.365702
264.954578,1000,51282.633183
102.270668,1000,51590.6761
127.81878,1000,51671.015003
143.55655,1000,51748.395459
119.927615,1000,51827.093916
105.050113,1000,51906.953846
214.27874,1000,51985.58181
280.45927,1000,52064.614923
150.584139,245,52084.434628
152.103966,520,52125.630909
106.594563,1000,52204.203335
234.282391,373,52234.045609
91.995702,1000,52313.095579
85.462507,1000,52699.533091
11.600131,175,52713.94502
92.281622,956,52789.363555
152.192915,339,52816.214714
136.174146,1000,52894.438383
217.217242,1000,52973.304111
255.006919,1000,53052.050801
49.523717,1000,53130.442559
169.331647,1000,53208.682926
182.391065,1000,53288.635793
148.203071,328,53314.780454
258.659683,1000,53394.117137
37.165039,262,53414.777297
204.985012,335,53441.747372
41.409108,1000,53784.940986
77.584345,1000,53860.662832
267.762871,1000,53939.082324
145.610225,218,53956.168762
-54.954145,671,54009.436457
152.252018,236,54028.507555
346.361237,1000,54105.698288
233.054377,1000,54184.219709
126.462617,633,54234.35146
177.132558,1000,54312.433582
55.312792,464,54349.763683
82.518177,1000,54427.990633
136.170733,355,54457.081427
194.680581,1000,54746.555591
122.345748,1000,54827.344205
265.337536,1000,54905.395701
103.635204,1000,54983.604287
277.81865,1000,55062.212227
110.892,1000,55141.058688
260.407304,1000,55217.895545
243.232727,1000,55296.584734
127.397389,1000,55374.441988
191.554902,1000,55453.825405
142.362435,220,55471.255844
106.066273,773,55840.25977
-81.90217,278,55862.744969
131.958109,1000,55940.980564
234.338992,1000,56019.024448
179.010811,1000,56098.952396
137.947985,1000,56176.426475
251.708828,1000,56255.918416
132.213647,1000,56334.545266
150.707124,1000,56413.203611
56.896156,486,56451.813413
125.075897,1000,56529.215645
42.260812,1000,56896.252219
120.582292,1000,56975.216546
142.309911,819,57039.444728
166.718259,1000,57117.349185
114.084349,1000,57197.137621
165.939427,1000,57274.886821
269.598617,1000,57354.186598
215.224601,1000,57433.158622
409.659908,1000,57510.134595
138.052444,930,57584.03073
95.986176,377,57613.809011
143.250822,346,57640.752778
96.133534,170,57654.876298
116.230557,1000,58040.326388
83.437022,1000,58118.301969
129.318125,1000,58197.379914
114.448877,1000,58274.361146
265.045719,1000,58352.933021
270.744818,1000,58431.537378
130.719519,281,58453.490092
218.063254,1000,58533.038944
151.080375,1000,58611.292466
185.188841,443,58647.872627
214.91176,1000,58726.902148
74.759424,1000,59112.094824
274.722922,1000,59190.693086
141.85279,963,59267.086739
128.225186,1000,59345.780178
236.16629,1000,59423.862208
296.273042,1000,59502.876268
145.563916,1000,59581.246525
141.33121,1000,59660.60017
323.85108,1000,59738.742871
143.469726,1000,59815.507443
106.817934,290,59839.153234
211.637822,1000,60225.39149
228.926421,1000,60302.989673
188.664392,1000,60381.391869
157.013326,1000,60459.377639
173.277616,1000,60538.243013
208.405288,324,60564.485753
289.530533,1000,60642.618558
366.512976,1000,60719.790733
201.476707,461,60757.109468
183.192005,518,60799.33778
270.072161,330,60825.503791
155.426806,847,60891.968417
112.652332,258,60912.796948
143.96806,1000,61300.179508
162.990969,1000,61377.38318
225.193332,1000,61457.296268
163.252309,1000,61536.205601
104.182744,325,61561.922459
150.055526,1000,61639.271703
137.339073,1000,61718.710159
208.463305,1000,61797.363446
148.457457,1000,61875.228667
261.034506,459,61911.247679
240.234226,1000,61991.565649
169.698375,1000,62376.832937
167.269967,214,62393.572571
259.325893,553,62437.969013
91.313233,1000,62516.19408
235.358891,1000,62595.475715
218.381029,1000,62673.481476
128.329681,321,62698.910701
154.656544,1000,62778.12817
215.580391,1000,62857.069724
40.018228,1000,62934.077859
160.596175,286,62958.016098
242.404769,1000,63036.670098
68.687434,1000,63115.59189
141.557804,1000,63502.998639
218.31946,537,63545.584233
203.837589,1000,63624.530157
244.015437,555,63668.25541
200.88871,1000,63748.52836
280.37284,1000,63827.860118
273.044894,482,63865.497253
276.285854,1000,63944.525512
234.050854,1000,64022.922054
121.878687,367,64052.473398
157.94718,1000,64131.432054
151.749048,472,64168.788074
218.828846,1000,64248.669256
270.545799,1000,64636.40749
306.492973,1000,64714.20046
168.686146,235,64733.391187
88.654388,369,64761.969514
327.448543,1000,64839.959654
99.211829,1000,64918.483821
216.405754,1000,64995.696972
222.039423,905,65066.810481
362.940984,1000,65145.981958
105.448329,1000,65223.878265
152.059205,1000,65300.76233
115.750514,1000,65686.175058
218.625541,1000,65765.115827
185.578425,1000,65842.541971
163.2014,1000,65921.993416
9.896835,1000,65998.495138
84.10454,412,66031.49682
228.541622,1000,66109.52097
254.118523,946,66184.401084
151.913676,1000,66264.07583
226.719584,1000,66342.809929
319.280523,465,66380.318697
231.315827,1000,66766.876779
119.639249,1000,66844.902816
225.974155,1000,66924.152098
170.005291,1000,67002.89708
178.773253,1000,67081.787964
45.975439,1000,67161.135954
266.748351,1000,67240.12403
209.213372,1000,67319.064586
130.91619,175,67333.551564
276.351293,1000,67411.364443
211.074348,1000,67490.724927
256.423145,870,67868.618666
129.498957,1000,67947.254148
227.037568,1000,68026.415113
267.555155,1000,68104.805571
212.022944,1000,68189.09009
269.711463,1000,68273.198696
98.690817,317,68301.306458
341.079749,769,68370.043901
223.357525,1000,68459.632285
99.436731,1000,68549.27378
118.480106,1000,68641.318364
50.282586,1000,69092.397153
157.288246,1000,69183.132204
219.086776,694,69247.156113
344.072398,1000,69338.252004
193.647399,1000,69432.28372
304.732967,1000,69525.877292
249.873294,1000,69617.602299
254.491304,1000,69709.366749
249.281759,1000,69798.808806
173.4401,1000,69886.95631
123.723845,1000,70298.908956
263.597906,1000,70392.465856
157.087495,1000,70485.214996
259.808029,1000,70577.409143
125.724537,1000,70672.230347
179.374961,1000,70764.469657
203.538942,1000,70852.102601
104.207485,1000,70938.948703
279.258912,1000,71025.062077
312.341637,1000,71112.510316
94.164706,1000,71547.598808
128.506936,224,71569.657225
280.329285,1000,71661.747382
236.234599,1000,71748.333342
250.25798,1000,71838.813656
278.612693,1000,71931.670121
281.475181,1000,72024.548741
182.644958,925,72112.169345
139.818113,1000,72199.910898
265.24189,1000,72292.760868
275.656693,1000,72385.554365
137.255221,952,72840.853191
92.537295,1000,72934.152232
216.999518,1000,73028.076019
122.775118,1000,73120.652905
196.738363,1000,73207.784193
92.225664,1000,73294.984457
231.671438,1000,73385.0442
110.436237,1000,73477.541642
263.361224,1000,73572.13688
296.443869,1000,73664.061975
114.602378,1000,74127.104569
146.460946,1000,74221.724142
92.200833,1000,74311.615425
6.201398,904,74395.323421
236.062524,1000,74488.77985
159.015951,1000,74582.281348
297.9699,1000,74673.980212
186.339273,1000,74765.236195
235.165197,1000,74856.8539
222.533622,500,74905.030101
280.857878,1000,74996.135463
251.170861,1000,75411.610252
213.140575,1000,75505.53086
184.813518,1000,75599.544344
204.594774,1000,75689.27514
243.924626,1000,75780.739252
154.629298,1000,75874.156139
243.604611,1000,75965.77799
238.612762,1000,76060.695881
305.688136,1000,76152.78252
101.635665,1000,76247.140197
163.535339,598,76636.296603
228.797185,1000,76730.277112
241.626843,1000,76822.767256
159.810179,1000,76914.444556
238.276948,316,76944.217476
211.732669,1000,77036.303794
139.583976,1000,77127.492901
150.516334,1000,77220.155649
261.578547,1000,77315.326899
147.828955,1000,77408.672002
125.608422,255,77433.22121
251.020351,1000,77526.952668
246.082048,1000,77986.248815
95.391179,1000,78073.086268
231.392742,1000,78159.207062
108.91978,1000,78244.908991
227.005684,1000,78332.093691
109.450451,1000,78418.395542
142.922974,1000,78504.084562
227.409621,1000,78591.792591
125.912019,1000,78677.389859
303.337346,1000,78768.020865
326.059496,1000,79226.215605
207.343692,1000,79316.744722
200.537667,1000,79410.35324
323.521045,1000,79502.178315
92.145502,1000,79594.442625
281.444053,1000,79684.623904
124.54791,1000,79777.742201
236.594487,1000,79868.810271
75.584351,490,79911.542183
247.160857,1000,80003.129069
241.858925,1000,80464.066294
77.053095,1000,80555.497803
210.200603,1000,80643.5075
186.948411,1000,80736.682723
118.317304,1000,80829.265045
116.767904,1000,80916.956716
104.27285,1000,81010.236463
217.054884,1000,81100.57192
257.926509,436,81140.507126
269.014645,1000,81230.248623
249.047162,1000,81316.655265
300.589492,1000,81711.094411
158.796552,1000,81801.327437
235.394828,1000,81893.214278
155.391147,1000,81982.94016
244.515212,1000,82069.409512
124.791995,1000,82160.925365
154.142789,1000,82253.243719
194.087009,1000,82344.454551
199.221041,453,82384.747916
367.296014,1000,82474.109164
162.491724,191,82491.453652
151.717428,372,82524.464456
131.928026,1000,82952.295837
125.943858,684,83014.409687
-39.046704,1000,83109.712281
79.76541,247,83132.936554
178.074257,1000,83223.774041
240.9642,1000,83315.486578
174.039892,1000,83409.178103
136.602171,1000,83494.283414
322.793013,1000,83585.591284
296.342459,1000,83675.847802
265.101914,1000,83768.023918
270.241957,1000,84213.1728
213.482767,1000,84305.997684
160.0521,1000,84398.60592
108.638947,1000,84490.388209
236.417971,835,84565.157119
245.364914,303,84591.564637
259.180451,1000,84682.627019
233.238279,1000,84777.382135
198.518776,1000,84869.944046
226.738445,1000,84963.110776
422.639376,1000,85056.775692
176.755721,1000,85514.936852
213.852612,1000,85607.342219
291.786597,1000,85697.948348
235.240304,543,85747.721905
235.99486,1000,85832.657135
232.720691,511,85881.055092
101.70975,1000,85972.730832
273.584082,553,86023.15775
85.152752,1000,86113.210274
179.446387,1000,86208.575716
274.476459,1000,86298.307164
279.901694,1000,86740.262632
170.906503,813,86816.470047
290.99409,1000,86905.767924
238.843732,1000,86995.731944
225.785495,1000,87086.057835
356.886974,1000,87177.534902
267.140799,1000,87268.74032
268.798813,1000,87360.835119
339.347419,1000,87451.166881
260.275757,1000,87544.157156
62.460396,1000,87953.052789
124.793939,635,88009.370255
101.536249,1000,88100.040927
279.922993,1000,88192.408156
55.725439,1000,88283.432676
157.498852,1000,88376.715707
96.544282,1000,88469.6705
291.041549,1000,88559.856978
252.155211,1000,88654.435845
254.334763,1000,88746.534563
45.833753,409,88783.244425
254.5727,1000,89202.79841
253.595701,1000,89293.619257
-20.507817,612,89347.800624
295.95676,1000,89434.88382
131.993479,1000,89522.71595
264.784919,1000,89613.398721
285.299733,1000,89704.966326
123.245655,1000,89796.720872
175.168668,1000,89888.123197
181.795324,1000,89980.146568
112.343514,1000,90072.96793
230.379882,1000,90511.697026
223.793541,1000,90599.239502
200.930741,1000,90687.38005
268.01038,1000,90778.460303
204.385478,1000,90869.516298
118.095048,1000,90959.681106
31.590812,912,91045.028635
251.744986,1000,91134.402039
165.657178,284,91162.17087
108.002049,388,91197.550983
197.018548,1000,91289.552559
134.288281,746,91717.092652
314.052097,1000,91810.741464
107.182304,1000,91905.66652
255.835367,1000,91997.327877
162.923578,653,92054.562932
287.732523,1000,92143.638146
345.082869,1000,92235.304031
268.053092,1000,92326.097574
171.046218,541,92376.45282
87.602963,1000,92466.244628
267.344772,415,92504.962249
91.020936,1000,92597.146363
290.004826,1000,93056.652454
294.676719,1000,93149.420416
213.709323,1000,93243.068548
65.467299,835,93322.063926
79.7192,1000,93409.340685
270.139687,1000,93495.280215
128.466728,717,93558.006677
103.183827,1000,93643.562687
427.107118,1000,93729.981991
302.566675,1000,93819.758781
176.327944,877,94217.368184
40.353557,1000,94309.026558
286.548715,1000,94401.668726
208.322371,1000,94493.184647
140.261756,1000,94585.834309
105.225909,1000,94677.240354
270.363251,1000,94770.296929
207.872991,1000,94864.095862
238.051688,616,94922.25361
254.336378,1000,95013.887083
285.655401,1000,95107.264507
207.131272,1000,95558.87387
190.543389,1000,95654.582674
195.468492,1000,95746.292986
226.097578,651,95807.335974
379.047682,1000,95900.381859
282.279132,1000,95992.11104
299.803417,1000,96080.011659
273.329554,1000,96170.638257
128.983784,295,96199.847057
135.825229,344,96232.214546
133.050835,343,96263.81199
258.09584,1000,96356.757782
230.295506,1000,96757.387529
272.917828,1000,96848.661402
26.795556,567,96901.524
262.829406,1000,96989.64562
279.626202,1000,97075.424151
108.727255,1000,97168.179773
272.127545,1000,97259.130134
174.074602,1000,97353.376427
115.040338,1000,97444.510265
248.31074,1000,97535.980691
29.729945,1000,97934.216233
143.657044,294,97960.731884
73.115837,1000,98049.507444
-2.521668,1000,98139.58855
303.497223,1000,98225.635694
138.441712,421,98261.91306
55.382473,761,98332.843224
371.776545,1000,98426.395761
274.476775,1000,98517.468991
111.503833,1000,98609.207752
285.876252,1000,98700.700916
263.692878,1000,98790.639471
187.818663,1000,99242.740477
263.078342,1000,99334.295849
295.073255,1000,99426.658557
297.586806,1000,99517.788948
138.6752,1000,99608.210069
150.744873,1000,99700.508324
67.814673,273,99725.660412
131.909651,206,99745.347877
212.45643,867,99827.956172
126.326232,880,99903.869722
254.973152,700,99968.463655
70.510736,1000,100058.36622
243.79766,438,100100.438856
259.417688,420,100509.538129
109.144822,360,100543.20787
80.948627,277,100568.556303
119.366681,224,100588.717732
299.409874,1000,100681.11647
132.62924,1000,100773.360663
34.998239,1000,100864.969947
277.725714,1000,100955.296305
261.66135,1000,101044.076403
162.876685,258,101067.6341
166.853025,244,101090.961223
91.778534,1000,101182.765105
107.580019,1000,101274.028031
247.689135,1000,101360.173498
136.432327,1000,101744.986924
102.159772,1000,101836.275346
134.448837,419,101876.147182
134.693956,252,101900.37026
19.163727,1000,101991.111271
89.140008,436,102031.588254
99.897264,1000,102123.512832
275.870294,1000,102214.974877
280.625708,1000,102305.324746
49.634951,1000,102395.216122
248.484945,1000,102488.444234
126.96501,1000,102582.045889
90.285159,1000,102901.921978
263.879215,1000,102993.40302
164.439292,1000,103087.14095
290.52101,1000,103180.956864
277.53017,1000,103272.439755
45.454385,1000,103362.33061
62.43637,1000,103449.440363
250.847755,901,103531.074548
164.691981,293,103559.238079
139.952617,1000,103653.040823
-17.421978,1000,104108.503083
154.196295,1000,104202.341277
209.896584,1000,104292.686927
284.220546,445,104336.407001
125.78821,1000,104426.507196
43.959662,81,104434.28955
127.556303,1000,104523.335385
158.691601,751,104593.419278
227.599886,1000,104684.240968
35.709277,1000,104774.913116
231.947603,1000,104867.007239
230.507874,418,104908.185866
265.572319,1000,104998.617903
227.116611,1000,105459.568697
62.80965,1000,105552.301473
77.83088,1000,105645.599374
86.112428,1000,105737.836295
53.993576,1000,105827.103921
79.454965,1000,105921.350995
153.84243,1000,106011.684953
-9.497497,479,106055.774311
179.63184,409,106094.220896
221.907886,1000,106185.501955
35.546934,442,106226.916185
38.706202,1000,106586.864409
211.694526,1000,106680.407559
147.406426,453,106721.877003
89.853904,1000,106812.892549
275.153977,1000,106904.796073
288.571717,1000,106996.257165
402.384695,686,107058.650141
280.068299,1000,107150.427557
163.477033,1000,107241.058718
180.828863,238,107262.529353
-19.656791,1000,107354.578695
328.266489,969,107441.093432
227.796013,1000,107904.273772
111.377362,1000,107997.547789
285.040435,1000,108089.983979
252.325407,742,108158.926396
95.313982,1000,108252.129928
159.581269,807,108326.471951
235.543711,1000,108416.887099
107.072082,1000,108510.220004
490.11485,1000,108602.795045
124.923021,1000,108692.648915
82.350615,1000,108784.754998
276.881785,1000,109240.983008
303.534275,717,109305.940601
127.476099,247,109329.191366
80.327565,1000,109419.79267
160.474619,1000,109508.594757
278.10091,1000,109598.62654
130.50727,1000,109692.534333
279.265603,1000,109782.522091
146.590932,1000,109874.556803
298.397935,1000,109961.462587
213.991675,875,110038.714857
186.308049,1000,110435.726428
126.338526,1000,110528.975809
172.007541,1000,110620.326723
275.964943,1000,110706.076074
289.946422,1000,110792.980966
185.535419,1000,110878.488802
281.21963,1000,110964.687877
95.302218,307,110992.755605
209.384997,791,111061.830292
267.546058,1000,111150.062205
242.663936,1000,111235.54798
150.186682,1000,111566.615774
237.285557,1000,111653.551553
243.591684,1000,111739.638469
85.057911,1000,111827.377861
295.623829,1000,111914.107397
9.14085,199,111931.85241
120.608079,501,111975.031041
146.195683,1000,112060.868929
-27.982538,732,112124.565446
111.466724,1000,112210.248281
167.937928,249,112233.625309
297.044923,1000,112325.409394
224.352968,1000,112672.620377
217.943941,1000,112764.578858
229.3832,452,112805.885619
130.81979,375,112840.445801
107.36499,752,112908.168468
190.303247,286,112934.484182
221.968649,1000,113027.442232
264.680528,1000,113118.210278
255.488407,1000,113210.499391
87.567833,1000,113302.782635
222.780063,1000,113394.655607
165.800072,1000,113488.480458
110.026006,996,113941.275987
224.38037,1000,114031.331646
296.418494,1000,114122.88959
99.631343,1000,114213.64295
214.266358,673,114275.057716
255.984586,1000,114365.742879
77.144962,494,114412.514568
199.622747,1000,114505.984852
86.378155,401,114544.546819
252.904868,1000,114636.691752
213.433574,1000,114727.6598
238.70128,1000,114819.57249
121.886597,1000,115279.549582
251.679102,1000,115368.408508
251.826701,1000,115460.81349
162.292732,1000,115554.629283
295.333033,1000,115646.723522
184.635881,1000,115739.05371
170.041339,1000,115831.298642
260.73908,411,115870.892567
316.990807,868,115949.609035
242.179226,1000,116042.909756
284.129881,366,116079.608972
195.699176,1000,116537.476661
247.559879,304,116565.642583
283.128883,1000,116654.966625
264.240535,297,116681.421707
160.134503,237,116704.291664
251.154345,1000,116798.54678
240.336186,692,116863.176814
263.91201,1000,116957.62229
139.053901,1000,117054.01274
338.938855,1000,117143.487155
284.497574,1000,117233.774234
266.7956,1000,117325.865617
159.804738,223,117348.08862
136.507365,1000,117804.638035
206.870852,386,117839.72983
118.693598,1000,117929.150187
259.335008,1000,118018.524204
245.076709,1000,118106.840836
193.605979,1000,118200.61772
255.852141,1000,118293.151728
58.488454,1000,118383.556765
312.243807,1000,118471.88351
30.048305,1000,118566.887526
230.0502,1000,118659.875284
272.96436,1000,119111.627426
267.104236,1000,119201.94625
276.389403,1000,119296.055478
260.960775,1000,119389.993842
349.28237,1000,119481.695416
236.735534,1000,119569.69514
155.058247,1000,119658.242059
288.962997,1000,119744.172591
272.52337,1000,119831.743451
256.456031,1000,119916.819695
235.496973,1000,120353.889671
275.91259,1000,120446.629586
306.293238,1000,120537.919341
254.750747,1000,120631.078168
339.877386,1000,120722.891761
261.952663,708,120788.147056
298.814714,1000,120878.524985
176.536171,1000,120971.359644
270.78694,1000,121063.37293
247.690804,1000,121154.260183
103.232467,508,121203.290922
293.278226,1000,121603.996308
215.647345,1000,121695.416648
249.436087,394,121733.398779
323.205483,1000,121824.027709
249.593058,1000,121918.068573
227.79581,1000,122010.550658
209.825184,1000,122103.452555
208.465449,426,122143.662715
129.002717,1000,122234.984552
253.316959,381,122268.729159
292.120866,1000,122355.584535
155.521932,1000,122805.857785
211.460451,536,122855.326873
232.042053,1000,122944.111243
80.236521,187,122961.516756
298.764387,1000,123052.792774
281.302451,1000,123144.894001
287.483737,1000,123235.565258
112.453166,293,123264.077798
24.584769,1000,123354.786304
288.121976,1000,123444.873252
451.615204,1000,123535.974151
170.303782,1000,123627.39499
173.072701,1000,124003.597189
223.581556,1000,124093.440487
241.577937,1000,124184.37727
134.145595,1000,124276.308824
296.27513,1000,124367.81552
114.044381,1000,124458.138728
295.577241,1000,124551.533645
285.697866,1000,124641.896839
146.15351,1000,124730.397963
296.564677,1000,124822.661951
164.106734,574,124875.096209
105.954781,982,125335.115993
191.644899,359,125369.713783
226.414882,379,125404.472511
251.278145,1000,125491.249499
-98.310275,1000,125584.835472
106.435747,1000,125676.882109
181.715696,1000,125769.787242
235.57187,1000,125855.941744
90.641183,1000,125941.331324
307.928784,1000,126028.836668
301.662361,1000,126114.312975
306.234509,1000,126504.07794
138.073961,1000,126591.148335
285.103204,1000,126676.702754
271.200808,1000,126763.520175
200.778238,1000,126851.757756
345.138688,540,126897.928425
137.996712,1000,126984.313972
256.602584,1000,127070.631819
111.834749,1000,127156.484541
-22.716594,1000,127243.78476
214.568607,504,127287.009845
217.005745,1000,127712.72611
224.489109,1000,127799.103101
128.348137,1000,127884.257711
285.566207,1000,127971.103597
151.911348,1000,128057.582911
143.32274,1000,128145.239744
242.162989,1000,128232.722004
99.444603,1000,128318.872607
154.314178,332,128349.017733
129.260335,451,128388.1013
108.476224,1000,128473.735526
38.244767,1000,128902.392844
281.075127,1000,128989.966453
276.91301,1000,129075.812962
297.373896,1000,129162.178636
254.858541,1000,129247.660872
174.359417,1000,129335.411458
180.866902,280,129360.106181
291.891471,1000,129448.360166
144.141493,1000,129535.160024
244.045284,1000,129620.760102
229.478783,1000,129706.951712
116.51851,946,130131.67144
112.104382,1000,130216.906611
355.666004,1000,130302.476594
189.079861,1000,130388.365348
168.72901,1000,130473.492755
177.458017,970,130557.396408
133.126351,1000,130644.933755
310.771701,1000,130736.412749
213.71031,1000,130826.766936
65.759882,86,130836.41383
131.353361,1000,130928.264569
246.833205,1000,131318.762366
218.608648,1000,131409.729798
133.113327,1000,131502.158944
111.875325,1000,131592.408831
184.130313,422,131631.928271
222.571596,1000,131722.071184
135.913366,1000,131815.803621
166.107574,323,131847.025368
296.074918,1000,131937.682972
229.049223,1000,132032.330344
243.640793,1000,132121.157295
330.808917,1000,132583.778039
217.858313,381,132620.18337
275.107974,1000,132713.000799
111.098572,609,132769.504619
230.210592,436,132810.714301
237.301492,1000,132906.277951
304.816733,1000,132998.87679
121.583268,984,133093.009963
227.947007,1000,133186.654014
304.732609,1000,133277.173156
264.990809,1000,133370.862186
317.614457,1000,133463.586201
296.117602,1000,133924.380689
274.373395,1000,134017.12912
348.307158,1000,134106.160159
308.759281,1000,134200.641316
210.799718,1000,134292.047225
291.191805,1000,134385.987899
165.20747,1000,134479.102777
298.703926,1000,134570.206762
278.3793,1000,134662.6607
289.446101,1000,134754.429106
255.660003,1000,135208.523283
276.745371,699,135271.635577
143.32794,417,135310.380061
191.493601,354,135345.160283
308.234707,1000,135439.592272
344.768313,1000,135531.641606
232.124999,1000,135625.330719
286.685111,1000,135714.532067
177.269521,1000,135801.496291
197.072639,594,135853.247723
265.962163,1000,135944.543997
106.755763,252,135968.409313
70.884411,1000,136383.754406
320.391447,618,136441.104121
236.532181,780,136513.068011
251.150887,1000,136600.087358
82.008885,1000,136695.07831
121.945047,1000,136788.332601
263.172061,1000,136883.114898
132.855955,207,136902.873403
119.647986,1000,136994.352336
359.141789,1000,137087.101308
261.265922,1000,137179.15448
201.560658,1000,137274.388525
286.922009,1000,137730.550384
362.586021,1000,137822.162601
274.259694,1000,137908.318663
165.963302,1000,137999.198546
215.502911,691,138061.983197
277.853116,1000,138149.646431
102.979468,1000,138235.499347
285.401419,1000,138326.745201
192.86455,1000,138416.677698
291.597445,1000,138507.568443
300.896692,1000,138926.329475
271.653962,1000,139016.859331
342.953326,1000,139107.816905
327.565204,1000,139200.318259
296.037699,1000,139292.334675
147.917533,228,139314.380946
264.952898,1000,139405.053306
223.218984,1000,139497.935138
-6.144266,545,139548.276763
248.540788,1000,139640.384959
295.593715,1000,139733.27396
156.07654,1000,140138.339103
264.584352,1000,140230.288837
174.079962,1000,140320.302631
201.581622,1000,140415.105707
336.552004,1000,140510.105954
2.345352,1000,140601.068418
442.808823,1000,140691.38105
-46.943836,1000,140783.393851
317.356306,1000,140871.417751
353.466673,1000,140965.385306
133.784777,1000,141426.659871
291.914558,1000,141518.383873
216.288754,327,141549.09733
321.121184,1000,141641.92969
295.378428,1000,141732.351384
316.972936,1000,141825.446382
390.266218,1000,141917.78545
256.336328,1000,142008.075735
235.048486,1000,142096.272637
260.566686,1000,142184.59237
301.521238,1000,142277.552712
241.48437,1000,142610.333469
260.205224,1000,142697.401434
327.490004,655,142753.411124
213.036693,810,142822.820379
89.559811,991,142909.032396
293.823647,1000,142995.852171
320.98506,1000,143081.989534
567.843703,1000,143168.550448
306.426297,580,143219.094092
211.491721,1000,143305.41669
347.921509,1000,143392.151039
274.613571,1000,143821.924325
233.008709,1000,143907.652777
301.396893,1000,143994.09264
227.13072,1000,144081.343278
223.951348,1000,144167.688474
347.447295,1000,144256.355868
341.874044,1000,144346.257238
230.280755,1000,144432.086523
253.134046,1000,144522.857607
111.738742,507,144568.801073
-7.466555,1000,145034.694819
335.736596,1000,145128.865274
254.572435,1000,145222.32889
280.991229,1000,145314.027392
286.354941,1000,145405.879388
116.981603,1000,145497.557489
112.419824,492,145543.663199
340.605096,1000,145632.513458
343.214068,1000,145723.248065
108.267106,1000,145817.000448
247.808151,1000,145903.450712
269.290101,1000,146289.669222
294.194223,1000,146375.920689
140.429563,1000,146463.350678
304.115038,1000,146553.228486
260.30134,1000,146647.688088
246.350738,1000,146739.988101
273.1406,1000,146831.04855
278.608433,1000,146924.074351
299.929364,1000,147014.811665
290.980724,1000,147106.602663
267.675053,1000,147574.500836
266.854971,1000,147664.497422
315.962633,1000,147755.776989
77.090122,1000,147846.120884
265.579213,1000,147939.680735
140.283573,275,147964.913132
203.681487,1000,148057.604521
215.515311,517,148106.679446
277.675327,1000,148199.199656
261.907406,1000,148287.511044
246.034202,704,148352.906801
11.832643,1000,148813.208293
663.647054,1000,148906.139064
179.299985,1000,148997.087483
163.233188,1000,149091.855315
258.169465,1000,149184.105545
104.258262,1000,149276.881246
182.851866,1000,149367.77219
199.805726,1000,149456.815902
286.985623,1000,149546.744526
304.284477,816,149624.373012
291.445837,1000,149717.453807
346.373277,1000,150168.258924
285.162677,1000,150261.425942
163.442898,1000,150352.502784
181.699547,1000,150444.546484
408.247338,1000,150530.706204
284.43299,1000,150622.150658
311.308703,1000,150714.310039
302.248466,701,150778.697725
257.666571,1000,150870.350508
368.091346,1000,150962.843414
146.850852,1000,151418.734476
413.380662,678,151480.633672
108.224507,1000,151571.798907
288.427281,1000,151663.138865
245.70035,390,151700.197066
200.11749,333,151733.234136
241.201671,1000,151828.452822
265.432761,1000,151918.172377
266.707328,1000,152010.008851
120.87402,212,152031.592434
296.653717,831,152109.190372
292.020495,1000,152198.713548
299.432075,847,152277.283346
120.925331,1000,152736.174111
203.057116,416,152774.417375
254.028333,562,152827.522058
277.897756,1000,152915.599087
301.784291,1000,153008.393306
317.886128,1000,153096.169283
386.64753,1000,153189.956004
137.640107,1000,153283.818472
103.470075,216,153303.194
319.607132,1000,153394.19114
172.866354,1000,153483.754102
-1.818556,1000,153937.069822
271.710435,1000,154028.842069
311.314009,1000,154119.928902
300.518567,1000,154208.152673
302.458202,1000,154300.262487
140.171289,1000,154391.732452
287.776252,1000,154479.199373
246.58466,287,154504.385054
315.982644,1000,154593.219548
277.393015,1000,154683.895463
260.793208,1000,154777.202601
244.424478,1000,155187.847728
222.171228,1000,155281.310289
257.110398,1000,155373.746418
264.460658,375,155409.310112
220.355276,276,155435.470631
303.7695,1000,155530.517498
314.223168,1000,155623.431771
382.161248,1000,155712.789575
291.262671,1000,155807.062289
254.665742,1000,155897.241995
302.593874,1000,155991.058135
279.619526,1000,156082.627667
130.655655,1000,156442.350351
160.252158,356,156475.867149
228.639311,1000,156564.865289
218.556398,316,156594.461909
49.29674,1000,156687.659778
262.132235,1000,156778.540906
118.974301,255,156803.34119
109.903157,1000,156896.104393
314.153296,795,156969.921927
255.29239,1000,157061.801763
292.223541,1000,157152.836198
511.765227,885,157235.802417
277.742331,1000,157593.855309
113.683192,1000,157687.307853
299.731337,1000,157778.460279
276.59877,1000,157872.086767
156.421682,1000,157963.360368
259.537986,457,158006.020828
230.8761,1000,158100.390385
113.491847,445,158142.420794
281.869967,1000,158233.991318
192.231382,1000,158325.019191
16.61309,1000,158412.270521
93.751406,810,158815.838138
235.756572,386,158850.760666
43.664964,697,158915.484793
233.80178,1000,159000.856453
155.030331,210,159020.460967
266.985845,1000,159108.042496
306.066827,1000,159201.843887
302.554541,1000,159291.009041
286.207673,1000,159378.700565
268.988156,345,159412.894538
104.287253,762,159482.155058
307.994452,1000,159571.310545
224.535357,1000,159660.183613
136.458893,192,159679.056175
107.54615,361,160077.063269
88.950669,1000,160166.041704
117.726529,1000,160261.493567
109.184911,1000,160353.506474
350.376813,644,160412.964591
291.223147,1000,160505.38933
145.203261,1000,160599.943109
234.732084,1000,160691.056763
257.889437,362,160726.209429
114.284877,1000,160818.537303
299.096751,1000,160909.668315
181.780153,1000,161330.700377
229.913853,1000,161421.671238
293.565068,1000,161513.924946
157.218701,210,161533.661378
194.851127,629,161592.02415
278.391275,1000,161682.482117
264.522683,1000,161773.175081
14.232655,1000,161864.398958
305.906599,1000,161954.51958
281.322798,1000,162043.578426
144.269225,534,162092.099263
218.424543,1000,162183.054014
143.180509,710,162559.534311
95.956548,1000,162651.993769
228.828374,443,162693.4437
111.324442,1000,162782.360857
79.397187,1000,162870.448714
97.551894,555,162923.619489
278.036988,1000,163014.981404
243.19552,1000,163106.005986
308.766321,1000,163199.194045
15.039707,1000,163292.658946
279.064868,1000,163383.70179
281.138665,1000,163789.00987
122.316678,1000,163880.248223
185.191371,1000,163974.071259
300.031,1000,164066.499934
75.996103,1000,164158.195799
282.526915,1000,164249.385604
59.672658,965,164338.733298
223.624871,653,164398.864198
178.033785,881,164479.557978
133.531657,215,164499.952652
165.683582,262,164525.155346
259.955512,1000,164616.136173
99.177177,624,164676.265232
65.687425,1000,165062.870723
260.813618,1000,165155.269814
319.882678,1000,165248.072424
123.895781,1000,165337.194788
42.389563,1000,165432.587018
270.308663,404,165470.431294
207.533815,1000,165566.177536
186.762432,1000,165659.099165
134.628229,1000,165753.602132
273.304643,1000,165847.140998
198.666788,1000,166304.768443
99.414182,1000,166401.557659
95.988911,527,166450.693815
219.408505,490,166496.527657
254.199001,1000,166587.043345
151.954648,195,166606.093123
284.637208,1000,166698.650928
85.111538,1000,166791.949568
-3.004536,1000,166885.652875
268.971598,1000,166975.66469
103.17633,1000,167065.076888
198.430887,1000,167158.634143
148.575359,669,167531.605541
68.947079,1000,167621.820688
276.832223,1000,167713.583644
224.505359,1000,167804.787147
138.634516,242,167828.495965
270.936363,859,167911.059042
111.562884,1000,168004.660137
127.352993,305,168032.378895
282.882457,1000,168120.632954
197.228191,324,168149.660928
185.333911,766,168217.823819
276.772901,1000,168304.825949
109.347866,1000,168392.629117
275.712004,1000,168830.157436
127.95217,229,168851.293269
150.267179,1000,168945.911211
127.652878,1000,169039.001358
228.377898,1000,169132.338799
255.975636,376,169168.052935
142.297733,459,169211.368676
122.497676,1000,169299.968103
170.45619,1000,169393.888074
96.598673,246,169417.246084
151.929685,240,169440.24257
94.911082,1000,169531.984691
279.246598,665,169594.819549
139.688602,1000,169687.914814
293.200282,1000,170150.231763
333.582907,1000,170242.893393
89.996533,1000,170334.381121
188.737765,1000,170428.152565
258.23707,1000,170520.87156
275.478556,1000,170606.884495
155.336877,1000,170698.46334
136.922128,385,170734.285971
257.278435,1000,170825.583424
200.304199,1000,170914.470569
235.868663,567,170966.88488
261.206207,924,171420.905999
142.437671,1000,171514.70519
85.712591,1000,171604.824224
241.847586,661,171667.171544
223.201697,1000,171757.040683
74.460526,345,171789.84038
264.503067,1000,171881.092856
283.531437,1000,171974.423099
34.230719,193,171993.042459
311.500776,1000,172086.16134
99.515705,1000,172176.75435
200.947489,1000,172265.840018
264.838905,1000,172633.428709
136.732042,759,172705.123804
270.81565,1000,172797.082075
93.075815,326,172827.55717
210.70098,312,172855.907394
286.218802,1000,172942.424835
362.239256,1000,173029.099869
252.574683,1000,173114.761656
289.074962,1000,173203.357164
115.84849,1000,173289.121616
286.849571,1000,173375.567486
256.365257,523,173421.281106
301.104789,1000,173850.390673
266.316897,389,173884.479475
302.366661,1000,173972.490257
150.018099,633,174026.947938
